{
  "acceptance_radius_m": 10.0,
  "bearing_deg": -28.78734588623047,
  "bridge_running": false,
  "distance_to_goal_m": 82.05738706681238,
  "done": true,
  "done_info": {
    "current_position_xy": [
      32.32445526123047,
      -17.777883529663086
    ],
    "distance_to_goal_m": 81.67694776575495,
    "goal_position_xy": [
      91.33147096433663,
      -74.25173494908768
    ],
    "goal_reached": false,
    "metadrive_info": {
      "acceleration": -0.0,
      "action": "[-0.0, -0.0]",
      "arrive_dest": false,
      "carsize": "[1.852, 4.515]",
      "cost": 1.0,
      "crash": false,
      "crash_building": false,
      "crash_human": false,
      "crash_object": false,
      "crash_sidewalk": false,
      "crash_vehicle": false,
      "curriculum_level": 0.0,
      "curriculum_route_completion": 0.30522014271978165,
      "curriculum_success": 0.0,
      "data_coverage": 1.0,
      "env_seed": 1.0,
      "episode_energy": 1.6099899675866323,
      "episode_length": 91.0,
      "episode_reward": -28.67537244344758,
      "lateral_dist": -4.058362181094435,
      "max_step": false,
      "navigation_command": "forward",
      "navigation_forward": true,
      "navigation_left": false,
      "navigation_right": false,
      "num_crash_human": 0.0,
      "num_crash_object": 0.0,
      "num_crash_vehicle": 0.0,
      "num_on_line": 0.0,
      "num_stored_maps": 1.0,
      "out_of_road": true,
      "overtake_vehicle_num": 0.0,
      "policy": "EnvInputPolicy",
      "raw_action": "(-0.0, -0.0)",
      "route_completion": 0.30849253838451907,
      "scenario_difficulty": 0.0,
      "scenario_index": 1.0,
      "steering": -0.0,
      "step_energy": 0.016980400146145453,
      "step_reward": 0.0,
      "step_reward_action_smooth": 0.0,
      "step_reward_heading": -0.0637474936813566,
      "step_reward_lateral": -0.5072952726368044,
      "track_length": 117.90894930629071,
      "velocity": 7.859726489632315
    },
    "route_completion": 0.30849253838451907,
    "scenario_id": "scene-0103",
    "scenario_index": 1,
    "terminated": true,
    "timeout": false,
    "truncated": false
  },
  "engaged": false,
  "goal_position_xy": [
    91.33147096433663,
    -74.25173494908768
  ],
  "goal_reached": false,
  "position_xy": [
    31.979398727416992,
    -17.588287353515625
  ],
  "route_completion": 0.30522014271978165,
  "scenario_id": "scene-0103",
  "scenario_index": 1,
  "speed_kph": 28.32119878471618,
  "speed_mps": 7.866999662421161,
  "updated_at_unix_s": 1774031564.4037719
}